site,site_sys,sys_trt,cc_trt,blockID,rep,NMDS1,NMDS2
Boyd,Boyd_grain,grain,no,B42,1,-0.17394050922070536,0.29053147067534385
Boyd,Boyd_grain,grain,no,B42,2,1.2336066395699523,-1.0946295800280648
Boyd,Boyd_grain,grain,no,B42,3,0.9280266941399348,0.28166425094155106
Boyd,Boyd_grain,grain,no,B42,4,1.3159335508362284,0.018802220531012024
Boyd,Boyd_grain,grain,no,B42,5,0.7977047453515609,-0.09395891555626502
Boyd,Boyd_grain,grain,no,B44,1,-0.02556446003321142,-0.24628919933355747
Boyd,Boyd_grain,grain,no,B44,2,0.1372295231083319,-0.36808278358329394
Boyd,Boyd_grain,grain,no,B44,3,0.5694636851418035,-0.8995576634444477
Boyd,Boyd_grain,grain,no,B44,4,0.12122810964925622,0.1609160798020121
Boyd,Boyd_grain,grain,no,B44,5,1.4224068934991383,0.7460781838869225
Boyd,Boyd_grain,grain,rye,B42,1,-0.9481623980515382,-0.20612229626855869
Boyd,Boyd_grain,grain,rye,B42,2,-0.6309508368907017,0.025158401140170542
Boyd,Boyd_grain,grain,rye,B42,3,1.442769259046015,0.2868580716252469
Boyd,Boyd_grain,grain,rye,B42,4,0.8640768087770818,-0.8913797592480837
Boyd,Boyd_grain,grain,rye,B42,5,1.0948154842579887,0.5243148968254071
Boyd,Boyd_grain,grain,rye,B44,1,1.0331194939995294,-0.6741198371451539
Boyd,Boyd_grain,grain,rye,B44,2,0.8257621576125127,-0.6671504691882987
Boyd,Boyd_grain,grain,rye,B44,3,0.9148118144368732,-0.5047497339830419
Boyd,Boyd_grain,grain,rye,B44,4,-0.01661675650187502,-0.015323559602551625
Boyd,Boyd_grain,grain,rye,B44,5,0.5123629732026066,0.21008145474803455
Boyd,Boyd_silage,silage,no,B44,1,-1.085879287206589,-0.5264537041791655
Boyd,Boyd_silage,silage,no,B44,2,0.22843456704337145,-0.14606502088589654
Boyd,Boyd_silage,silage,no,B44,3,0.527880089911227,-0.47915233782086436
Boyd,Boyd_silage,silage,no,B44,4,-0.6935948437965661,0.07493269833642065
Boyd,Boyd_silage,silage,no,B44,5,-1.0096764133598692,-0.08062658932841786
Boyd,Boyd_silage,silage,rye,B44,1,-0.2912141166294444,-0.4613507539672943
Boyd,Boyd_silage,silage,rye,B44,2,0.21728366985527234,-0.5032041394565446
Boyd,Boyd_silage,silage,rye,B44,3,0.8019106527300514,-0.39572391760514414
Boyd,Boyd_silage,silage,rye,B44,4,0.5740467547218336,0.38676222536366595
Boyd,Boyd_silage,silage,rye,B44,5,-1.1240836432192775e-4,0.46718062406397054
Funcke,Funcke_grain,grain,no,F,1,-1.8077175667375938,-0.06971324322592735
Funcke,Funcke_grain,grain,no,F,2,-1.9889566749258203,0.0714009786716115
Funcke,Funcke_grain,grain,no,F,3,-2.0456862535421054,-0.2652807380097211
Funcke,Funcke_grain,grain,rye,F,1,-1.3507319157621123,0.05259188220996608
Funcke,Funcke_grain,grain,rye,F,2,-1.7308610629141918,0.058805600433254786
Funcke,Funcke_grain,grain,rye,F,3,-1.5178626824003065,-0.17067648804169902
Stout,Stout_grain,grain,no,S,1,-0.21272523796637255,0.6112156071929579
Stout,Stout_grain,grain,no,S,2,0.9227249717516658,0.6970478601530486
Stout,Stout_grain,grain,no,S,3,-1.0784537009322424,0.2797753517515532
Stout,Stout_grain,grain,no,S,4,-0.3591704957186594,0.5906248040956034
Stout,Stout_grain,grain,rye,S,1,0.21932661219053454,0.8192006928757171
Stout,Stout_grain,grain,rye,S,2,1.115640196615322,1.120772998663294
Stout,Stout_grain,grain,rye,S,3,-0.4102095610902937,0.5726155215382185
Stout,Stout_grain,grain,rye,S,4,-0.442478165403571,0.41227885437700884
